route_name,route_geom
12 - A9 to M7,"LINESTRING (150.7407 -34.039, 150.7447 -34.03736, 150.7466 -34.03591, 150.759 -34.02326, 150.7645 -34.01495, 150.7853 -33.99634, 150.7923 -33.98801, 150.7992 -33.98196, 150.8091 -33.97631, 150.8184 -33.9629, 150.8375 -33.95102, 150.8386 -33.94982, 150.8422 -33.95, 150.8667 -33.95543, 150.8755 -33.95666)"
12 - M7 to A9,"LINESTRING (150.8762 -33.95688, 150.8664 -33.95553, 150.8418 -33.95011, 150.8393 -33.95037, 150.837 -33.95162, 150.8187 -33.96296, 150.8096 -33.97617, 150.7994 -33.9821, 150.7924 -33.98815, 150.7857 -33.99625, 150.7645 -34.01521, 150.7594 -34.02305, 150.7536 -34.02925, 150.75 -34.03202, 150.7458 -34.03678, 150.7411 -34.03901)"
13-49 - Monash Freeway to South Gippsland Highway,"LINESTRING (145.144 -37.89614, 145.1392 -37.9216, 145.1436 -37.92461, 145.135 -37.96621, 145.1417 -37.97818, 145.1536 -37.98828, 145.1587 -37.99603, 145.1633 -37.9975, 145.1892 -38.00086)"
13-49 - South Gippsland Highway to Monash Freeway,"LINESTRING (145.227 -38.00591, 145.1598 -37.99682, 145.1565 -37.9943, 145.153 -37.98794, 145.1441 -37.98187, 145.1353 -37.96833, 145.1349 -37.96492, 145.1431 -37.925, 145.1391 -37.9217, 145.1438 -37.89632)"
15 - Beach Road to Surrey Hills,"LINESTRING (145.0691 -37.99414, 145.0999 -37.82646)"
15 - Surrey Hills to Beach Road,"LINESTRING (145.0999 -37.82646, 145.0691 -37.99414)"
22 - Ferntree Gully to M1,"LINESTRING (145.2765 -37.88313, 145.2697 -37.88419, 145.2579 -37.89187, 145.2484 -37.89569, 145.246 -37.89724, 145.233 -37.89927, 145.2224 -37.89937, 145.205 -37.90853, 145.1435 -37.90139)"
22 - M1 to Ferntree Gully,"LINESTRING (145.1431 -37.90121, 145.205 -37.9084, 145.2223 -37.89922, 145.2327 -37.89907, 145.2462 -37.89703, 145.2483 -37.8956, 145.2577 -37.89179, 145.2698 -37.88403, 145.2767 -37.88295)"
3 - Albert Park to Cheltenham,"LINESTRING (144.9832 -37.85597, 144.9868 -37.86716, 145.0009 -37.88836, 145.0085 -37.90607, 145.0355 -37.93396, 145.0575 -37.96502, 145.0707 -37.9815)"
3 - Cheltenham to Albert Park,"LINESTRING (145.0705 -37.98157, 145.0571 -37.96487, 145.0352 -37.93389, 145.0083 -37.90619, 145.0055 -37.8976, 145.0004 -37.88792, 144.9867 -37.86774, 144.9825 -37.85671)"
32 - Derrimut to Montrose,"LINESTRING (144.7885 -37.81357, 144.8168 -37.81598, 144.8186 -37.80573, 144.8231 -37.80618, 144.8377 -37.80777, 144.8389 -37.80122, 144.839 -37.7969, 144.8778 -37.80131, 144.8985 -37.80411, 144.9361 -37.80961, 144.9433 -37.81255, 144.9554 -37.80833, 144.9559 -37.80581, 144.9812 -37.80859, 145.0378 -37.81481, 145.0464 -37.81583, 145.0456 -37.81981, 145.0626 -37.82189, 145.1904 -37.83682, 145.2073 -37.83355, 145.2419 -37.83227, 145.2515 -37.82514, 145.261 -37.82762, 145.268 -37.8326, 145.3364 -37.81225)"
32 - Montrose to Derrimut,"LINESTRING (145.3369 -37.81219, 145.2709 -37.83179, 145.2662 -37.8325, 145.2613 -37.82799, 145.2516 -37.82529, 145.2419 -37.83239, 145.2135 -37.83248, 145.1908 -37.837, 145.1432 -37.83128, 145.0588 -37.82012, 145.0586 -37.81728, 145.0027 -37.81077, 144.9561 -37.80596, 144.9556 -37.80857, 144.9508 -37.8098, 144.943 -37.81287, 144.9361 -37.80983, 144.9117 -37.80736, 144.9001 -37.80395, 144.8584 -37.79912, 144.839 -37.7969, 144.838 -37.80609, 144.8377 -37.80777, 144.8189 -37.8059, 144.817 -37.81626, 144.7887 -37.8137)"
35 - Hume Highway to M80,"LINESTRING (144.9502 -37.64329, 144.9288 -37.64088, 144.9288 -37.64316, 144.9315 -37.64781, 144.9316 -37.64991, 144.9258 -37.65991, 144.9232 -37.66172, 144.9224 -37.66315, 144.9222 -37.66532, 144.9241 -37.6689, 144.9223 -37.67816, 144.9213 -37.68055, 144.9171 -37.68568, 144.9154 -37.69411)"
35 - M80 to Hume Highway,"LINESTRING (144.9153 -37.69341, 144.9171 -37.68521, 144.9211 -37.68052, 144.9222 -37.67796, 144.9239 -37.66883, 144.922 -37.66559, 144.9223 -37.66272, 144.9257 -37.65964, 144.9314 -37.64997, 144.9313 -37.64787, 144.9286 -37.64316, 144.9287 -37.64048, 144.9502 -37.64312)"
40 - Doncaster to M2,"LINESTRING (145.1246 -37.78693, 145.1231 -37.77961, 145.1144 -37.77403, 145.1015 -37.77193, 145.0976 -37.76872, 145.0869 -37.76529, 145.0807 -37.76024, 145.0602 -37.75869, 145.0564 -37.75704, 145.0533 -37.75394, 145.0414 -37.7499, 144.9342 -37.7378)"
40 - M2 to Doncaster,"LINESTRING (144.9342 -37.73781, 145.0415 -37.74973, 145.0539 -37.7541, 145.0566 -37.75705, 145.0603 -37.7586, 145.0808 -37.76008, 145.0871 -37.76529, 145.0976 -37.76861, 145.1016 -37.77186, 145.1142 -37.7738, 145.1232 -37.77944, 145.1248 -37.7867)"
55 - Hume Freeway to Montague Street,"LINESTRING (144.9409 -37.58457, 144.9668 -37.74048, 144.9626 -37.76405, 144.9557 -37.8085, 144.9473 -37.81124, 144.9455 -37.81221, 144.9526 -37.82091, 144.9483 -37.82435)"
55 - Montague St to Hume Freeway,"LINESTRING (144.948 -37.82422, 144.9522 -37.82107, 144.9465 -37.81138, 144.9555 -37.80827, 144.9655 -37.74778, 144.967 -37.73804, 144.9638 -37.7303, 144.9452 -37.60212, 144.9405 -37.58442)"
56 - Laverton to Spotswood,"LINESTRING (144.786 -37.828, 144.8262 -37.8315, 144.8289 -37.82737, 144.8337 -37.82954, 144.8811 -37.83473, 144.8827 -37.83595, 144.8829 -37.83705)"
56 - Spotswood to Laverton,"LINESTRING (144.8829 -37.83705, 144.8827 -37.83595, 144.8811 -37.83473, 144.8509 -37.8315, 144.8335 -37.8295, 144.8295 -37.82763, 144.8274 -37.82973, 144.8267 -37.83178, 144.7863 -37.82817)"
58 - Greenvale to Yan Yean Road,"LINESTRING (144.8819 -37.63475, 144.9739 -37.64675, 145.0225 -37.65175, 145.0238 -37.65161, 145.0256 -37.64879, 145.0264 -37.64459, 145.0651 -37.64863, 145.0691 -37.64819, 145.07 -37.6493, 145.0761 -37.65037, 145.1 -37.65245, 145.1025 -37.65168, 145.1033 -37.64938, 145.1087 -37.65184, 145.1131 -37.64974, 145.1197 -37.6504)"
58 - Yan Yean Road to Greenvale,"LINESTRING (145.1196 -37.6504, 145.1131 -37.64974, 145.1087 -37.65184, 145.1033 -37.64938, 145.1025 -37.65168, 145.1 -37.65245, 145.0759 -37.65067, 145.0687 -37.6484, 145.0264 -37.64467, 145.026 -37.64853, 145.0237 -37.65192, 145.0221 -37.65188, 144.9741 -37.64708, 144.8837 -37.63517)"
A1 - Artarmon to Wahroonga,"LINESTRING (151.177 -33.81041, 151.1796 -33.80708, 151.1795 -33.80071, 151.1779 -33.79635, 151.1804 -33.79079, 151.178 -33.78562, 151.1701 -33.78115, 151.1678 -33.77418, 151.1615 -33.77172, 151.1572 -33.76714, 151.1517 -33.75377, 151.1474 -33.7512, 151.1448 -33.74642, 151.1413 -33.7446, 151.1313 -33.73354, 151.127 -33.73329, 151.12 -33.72787, 151.117 -33.72024, 151.1106 -33.71876)"
A1 - Wahroonga to Artarmon,"LINESTRING (151.1108 -33.71868, 151.1171 -33.72023, 151.1203 -33.72802, 151.1273 -33.73331, 151.1312 -33.73341, 151.1414 -33.74462, 151.1448 -33.7463, 151.1474 -33.75102, 151.1518 -33.75374, 151.1573 -33.76711, 151.1615 -33.77166, 151.1679 -33.77409, 151.1702 -33.78111, 151.1781 -33.78553, 151.1805 -33.79055, 151.178 -33.79642, 151.1796 -33.80076, 151.1797 -33.80708, 151.1772 -33.81035)"
A14 - Port Road to Southern Expressway,"LINESTRING (138.5511 -34.89179, 138.5521 -34.90452, 138.5482 -34.91366, 138.5491 -34.92443, 138.552 -34.92467, 138.5595 -35.02318)"
A14 - Southern Expressway to Port Road,"LINESTRING (138.5593 -35.0234, 138.5519 -34.92467, 138.549 -34.92481, 138.5481 -34.91394, 138.552 -34.90402, 138.5511 -34.89169)"
A15 - ANZAC Highway to Port Road,"LINESTRING (138.5199 -34.9762, 138.5171 -34.97196, 138.5166 -34.96188, 138.514 -34.95833, 138.5182 -34.95215, 138.5176 -34.92628, 138.5129 -34.9161, 138.5146 -34.9063, 138.5118 -34.86556, 138.5145 -34.86344)"
A15 - Port Road to ANZAC Highway,"LINESTRING (138.5144 -34.86361, 138.5119 -34.86562, 138.5147 -34.90641, 138.513 -34.91609, 138.5177 -34.92627, 138.5183 -34.95215, 138.5141 -34.95822, 138.5167 -34.96184, 138.5173 -34.97196, 138.52 -34.97627)"
A16 - Hampstead Road to Outer Harbor,"LINESTRING (138.6168 -34.84735, 138.585 -34.84886, 138.5778 -34.84972, 138.566 -34.84973, 138.5033 -34.85256, 138.495 -34.85202, 138.4947 -34.84901, 138.4927 -34.84048, 138.4945 -34.8406, 138.5021 -34.83904, 138.5026 -34.83808, 138.5017 -34.83675, 138.5017 -34.83343, 138.4996 -34.82333, 138.5011 -34.8197, 138.5014 -34.78568, 138.5009 -34.78375, 138.4992 -34.78189, 138.4908 -34.77776)"
A16 - Outer Harbor to Hampstead Road,"LINESTRING (138.49 -34.7772, 138.4991 -34.78164, 138.5009 -34.78348, 138.5016 -34.78561, 138.5013 -34.81958, 138.4997 -34.82331, 138.5019 -34.83337, 138.502 -34.83684, 138.503 -34.838, 138.5023 -34.83913, 138.4928 -34.84073, 138.4947 -34.84901, 138.4952 -34.85192, 138.5136 -34.85234, 138.5633 -34.84966, 138.5778 -34.8496, 138.5843 -34.8488, 138.6165 -34.84721)"
A17 - Grand Junction Road to South Eastern Freeway,"LINESTRING (138.6173 -34.84763, 138.6199 -34.88191, 138.6392 -34.89683, 138.6443 -34.96283)"
A17 - South Eastern Freeway to Grand Junction Road,"LINESTRING (138.6442 -34.96287, 138.6391 -34.89709, 138.6198 -34.882, 138.6172 -34.84772)"
A20 - Grand Junction Road to Sturt Highway,"LINESTRING (138.6006 -34.84745, 138.6159 -34.82624, 138.6788 -34.75398, 138.6729 -34.71644, 138.7063 -34.66111, 138.7307 -34.63153, 138.7237 -34.60951, 138.7265 -34.59799, 138.7308 -34.59181)"
A20 - Sturt Highway to Grand Junction Road,"LINESTRING (138.7314 -34.59028, 138.7238 -34.61001, 138.7311 -34.62682, 138.7308 -34.63181, 138.7065 -34.66116, 138.674 -34.71475, 138.6789 -34.75419, 138.6162 -34.82624, 138.6007 -34.84767)"
A22 - Glebe to Liverpool,"LINESTRING (151.1939 -33.88456, 151.1852 -33.88503, 151.1721 -33.88762, 151.1597 -33.88787, 151.1482 -33.89012, 151.1446 -33.88967, 151.139 -33.88623, 151.1292 -33.89033, 151.122 -33.88754, 151.1166 -33.88849, 151.1103 -33.88648, 151.1033 -33.88839, 151.0942 -33.88558, 151.0873 -33.89285, 151.0808 -33.89113, 151.0747 -33.88793, 151.0688 -33.88598, 151.0638 -33.88696, 151.05 -33.8969, 151.0407 -33.90576, 151.0293 -33.90875, 151.0127 -33.90534, 151.0028 -33.90465, 150.9962 -33.8989, 150.987 -33.8936, 150.9697 -33.8891, 150.9515 -33.89822, 150.9466 -33.89962, 150.9435 -33.90326, 150.9419 -33.90882, 150.9382 -33.91142, 150.9312 -33.91403, 150.9213 -33.91493)"
A22 - Liverpool to Glebe,"LINESTRING (150.9211 -33.91493, 150.9312 -33.91391, 150.9385 -33.91109, 150.942 -33.90851, 150.9433 -33.90343, 150.9463 -33.89968, 150.9515 -33.89809, 150.9689 -33.88875, 150.987 -33.89352, 150.9964 -33.89888, 151.0028 -33.90452, 151.0126 -33.90521, 151.0294 -33.90863, 151.0407 -33.90564, 151.0504 -33.89633, 151.0616 -33.88807, 151.0662 -33.88613, 151.07 -33.88601, 151.081 -33.89109, 151.0874 -33.89275, 151.0942 -33.8855, 151.1031 -33.88831, 151.1103 -33.88648, 151.1166 -33.88844, 151.122 -33.88754, 151.1292 -33.89033, 151.139 -33.88605, 151.1445 -33.88952, 151.148 -33.89004, 151.1596 -33.88779, 151.1721 -33.88753, 151.1853 -33.88492, 151.1935 -33.8845)"
A22 - Park Terrace to Port Wakefield Road,"LINESTRING (138.5878 -34.89916, 138.5852 -34.89704, 138.5855 -34.89507, 138.5823 -34.84887, 138.5947 -34.83856, 138.5985 -34.83742)"
A22 - Port Wakefield Road to Park Terrace,"LINESTRING (138.5987 -34.8375, 138.5948 -34.83871, 138.5825 -34.8489, 138.5854 -34.89707, 138.5876 -34.89886)"
A28 - Casula to M2 Motorway,"LINESTRING (150.8782 -33.957, 150.8867 -33.9577, 150.895 -33.95544, 150.9106 -33.94441, 150.9178 -33.92931, 150.9205 -33.91509, 150.9178 -33.90371, 150.9222 -33.89374, 150.9268 -33.86136, 150.9559 -33.84365, 150.9623 -33.82708, 150.9626 -33.81732, 150.9735 -33.79882, 150.9833 -33.79422, 150.9873 -33.79647, 150.9994 -33.79113, 151.0115 -33.79304, 151.0147 -33.79547, 151.0323 -33.78603, 151.0432 -33.78485, 151.052 -33.77994, 151.051 -33.77045, 151.0473 -33.76605, 151.0489 -33.75991)"
A28 - M2 Motorway to Casula,"LINESTRING (151.0491 -33.75917, 151.0474 -33.76589, 151.051 -33.77045, 151.0523 -33.77981, 151.0432 -33.78485, 151.0328 -33.78592, 151.0148 -33.79557, 150.9995 -33.79121, 150.9874 -33.79658, 150.983 -33.79452, 150.9738 -33.79879, 150.9627 -33.81734, 150.9625 -33.82695, 150.9558 -33.844, 150.9269 -33.86141, 150.9221 -33.89552, 150.918 -33.90376, 150.9208 -33.91527, 150.9175 -33.93114, 150.9108 -33.94449, 150.8948 -33.95569, 150.8871 -33.95784, 150.8777 -33.95706)"
A2-M2 - Main South Road to Port River Expressway,"LINESTRING (138.5073 -35.16662, 138.505 -35.13111, 138.5098 -35.10618, 138.5217 -35.09378, 138.5431 -35.08386, 138.5469 -35.05086, 138.5573 -35.03789, 138.5552 -35.03004, 138.5585 -35.02441, 138.5649 -35.02139, 138.5756 -35.01052, 138.5696 -34.92189, 138.5644 -34.91165, 138.5716 -34.87681, 138.5703 -34.86517, 138.565 -34.85666, 138.5628 -34.83546)"
A2-M2 - Port River Expressway to Main South Road,"LINESTRING (138.563 -34.8355, 138.5652 -34.85663, 138.5705 -34.86494, 138.5716 -34.87637, 138.5717 -34.88515, 138.5646 -34.91173, 138.5698 -34.92318, 138.5759 -35.01017, 138.5651 -35.02151, 138.5587 -35.02446, 138.5554 -35.03004, 138.5575 -35.03827, 138.547 -35.05127, 138.5434 -35.08384, 138.5218 -35.09387, 138.51 -35.10617, 138.5052 -35.13175, 138.5085 -35.16466)"
A3 - Airport to River Derwent,"LINESTRING (147.492 -42.83066, 147.4864 -42.83307, 147.4787 -42.83492, 147.4575 -42.83537, 147.4531 -42.83619, 147.4427 -42.83937, 147.426 -42.84089, 147.423 -42.84207, 147.4212 -42.84382, 147.4197 -42.84708, 147.4191 -42.85288, 147.418 -42.85431, 147.416 -42.85547, 147.4111 -42.85597, 147.4003 -42.855, 147.3797 -42.85499, 147.377 -42.85602, 147.3726 -42.8602, 147.364 -42.86227)"
A3 - ANZAC Highway to South Eastern Freeway,"LINESTRING (138.5487 -34.96846, 138.6438 -34.96342)"
A3 - Blakehurst to Pymble,"LINESTRING (151.1112 -33.98738, 151.079 -33.94764, 151.0722 -33.92942, 151.0629 -33.91562, 151.0696 -33.8845, 151.0639 -33.86861, 151.0701 -33.85727, 151.0811 -33.85041, 151.0833 -33.83813, 151.0887 -33.83458, 151.0893 -33.82805, 151.102 -33.81728, 151.1133 -33.80384, 151.1152 -33.79737, 151.1347 -33.77891, 151.1376 -33.75668, 151.1439 -33.75219)"
A3 - Pymble to Blakehurst,"LINESTRING (151.1469 -33.75125, 151.1378 -33.75657, 151.1352 -33.77866, 151.1154 -33.7974, 151.1135 -33.80383, 151.1024 -33.817, 151.0897 -33.8278, 151.0888 -33.83476, 151.0834 -33.83852, 151.0814 -33.85012, 151.0703 -33.85731, 151.064 -33.86879, 151.0697 -33.88454, 151.063 -33.91556, 151.0724 -33.92948, 151.0791 -33.94752, 151.1113 -33.98737)"
A3 - River Derwent to Airport,"LINESTRING (147.3637 -42.86221, 147.3724 -42.86015, 147.377 -42.85583, 147.3799 -42.85484, 147.3999 -42.85485, 147.4109 -42.85583, 147.4159 -42.85536, 147.4177 -42.85439, 147.4189 -42.85284, 147.4196 -42.84676, 147.4208 -42.84382, 147.4227 -42.84197, 147.4258 -42.84073, 147.4426 -42.83918, 147.4572 -42.83524, 147.4795 -42.8346, 147.4865 -42.83293, 147.4918 -42.83062)"
A3 - South Eastern Freeway to ANZAC Highway,"LINESTRING (138.6437 -34.96369, 138.5485 -34.96853)"
A34 - Liverpool to Newtown,"LINESTRING (150.9186 -33.92816, 150.9248 -33.92558, 150.9375 -33.93021, 150.9733 -33.92773, 150.9791 -33.92919, 150.9867 -33.92924, 150.9977 -33.93121, 151.0182 -33.93834, 151.0269 -33.93375, 151.0316 -33.93419, 151.0364 -33.93457, 151.0422 -33.9325, 151.0678 -33.93041, 151.0907 -33.92429, 151.1175 -33.91322, 151.1286 -33.90472, 151.1359 -33.90575, 151.1423 -33.90335, 151.1445 -33.90234, 151.1452 -33.89918, 151.1483 -33.89686, 151.1567 -33.89569, 151.1623 -33.8962, 151.1709 -33.89949, 151.1777 -33.89807)"
A34 - Newtown to Liverpool,"LINESTRING (151.1777 -33.89807, 151.1805 -33.89693, 151.1709 -33.89949, 151.1623 -33.8962, 151.1567 -33.89569, 151.1483 -33.89686, 151.1452 -33.89918, 151.1445 -33.90234, 151.1426 -33.90325, 151.136 -33.90581, 151.1286 -33.90472, 151.1175 -33.91322, 151.0909 -33.92422, 151.0816 -33.92697, 151.0624 -33.93153, 151.0414 -33.93262, 151.0365 -33.93466, 151.0271 -33.93382, 151.0184 -33.93849, 150.9979 -33.93138, 150.987 -33.92937, 150.9805 -33.92969, 150.9738 -33.92784, 150.9374 -33.93028, 150.9248 -33.92558, 150.9184 -33.9284)"
A36 - Broadway to Georges River,"LINESTRING (151.1948 -33.88471, 151.1932 -33.88769, 151.1875 -33.89223, 151.1835 -33.89347, 151.1778 -33.89886, 151.1816 -33.90703, 151.1795 -33.91237, 151.1613 -33.92439, 151.1423 -33.94406, 151.1376 -33.95288, 151.1381 -33.96014, 151.1361 -33.96907, 151.1179 -33.98175, 151.1154 -33.98225, 151.1136 -33.98464, 151.1119 -33.988, 151.1169 -33.99564, 151.1151 -34.00024)"
A36 - Georges River to Broadway,"LINESTRING (151.1149 -34.00036, 151.1168 -33.99536, 151.1118 -33.98785, 151.1139 -33.9841, 151.136 -33.96902, 151.138 -33.96017, 151.1375 -33.95286, 151.1421 -33.94412, 151.1613 -33.92423, 151.1786 -33.91324, 151.1815 -33.90693, 151.1778 -33.89886, 151.1835 -33.89347, 151.1872 -33.89227, 151.1931 -33.88761, 151.1947 -33.88458)"
A38 - Dee Why to Roseville,"LINESTRING (151.2798 -33.75855, 151.2743 -33.75526, 151.2665 -33.75432, 151.2625 -33.75516, 151.2586 -33.75341, 151.2472 -33.7518, 151.2407 -33.75325, 151.227 -33.75165, 151.2212 -33.75573, 151.218 -33.7605, 151.2161 -33.76092, 151.2129 -33.76005, 151.2104 -33.76003, 151.2082 -33.76096, 151.2045 -33.76592, 151.2058 -33.76963, 151.2049 -33.77193, 151.2025 -33.77387, 151.1957 -33.77648, 151.195 -33.7781, 151.1959 -33.78095, 151.1948 -33.78258, 151.1793 -33.7874)"
A38 - Roseville to Dee Why,"LINESTRING (151.1793 -33.78729, 151.1948 -33.78242, 151.1958 -33.78097, 151.1949 -33.77814, 151.1955 -33.77655, 151.1971 -33.77546, 151.2027 -33.77365, 151.2051 -33.77153, 151.2057 -33.76942, 151.2044 -33.76598, 151.2079 -33.76108, 151.2105 -33.75992, 151.2129 -33.75993, 151.2162 -33.76081, 151.2178 -33.76045, 151.2211 -33.75566, 151.227 -33.75156, 151.2406 -33.75311, 151.2469 -33.75165, 151.2588 -33.75335, 151.2624 -33.75503, 151.2664 -33.75421, 151.2744 -33.75516, 151.2786 -33.75816, 151.2801 -33.75847)"
A40 - Baulkham Hills to Rozelle,"LINESTRING (150.9569 -33.76075, 150.9613 -33.77394, 150.968 -33.78237, 150.9749 -33.78773, 150.9861 -33.79654, 150.9992 -33.79116, 151.0117 -33.79313, 151.0151 -33.79807, 151.0239 -33.80189, 151.0239 -33.80902, 151.0288 -33.80906, 151.0364 -33.81153, 151.0566 -33.81426, 151.0703 -33.80715, 151.0785 -33.80591, 151.0913 -33.80842, 151.0991 -33.81508, 151.1052 -33.81681, 151.1119 -33.81669, 151.1234 -33.82355, 151.126 -33.82544, 151.1285 -33.83607, 151.1364 -33.84004, 151.1452 -33.83865, 151.1552 -33.85168, 151.1642 -33.8607, 151.176 -33.86779)"
A40 - Rozelle to Baulkham Hills,"LINESTRING (151.1758 -33.86775, 151.1632 -33.86026, 151.1584 -33.85519, 151.1449 -33.83937, 151.1425 -33.83882, 151.1367 -33.84016, 151.1343 -33.83893, 151.1282 -33.83596, 151.1258 -33.82515, 151.1118 -33.81676, 151.1053 -33.81692, 151.0993 -33.81524, 151.0911 -33.80837, 151.0786 -33.806, 151.0694 -33.80763, 151.0564 -33.81438, 151.033 -33.81071, 151.0285 -33.8091, 151.0226 -33.80993, 151.0244 -33.80445, 151.024 -33.80218, 151.0151 -33.79818, 151.0115 -33.79318, 150.9993 -33.79123, 150.9876 -33.79651, 150.9851 -33.79633, 150.9641 -33.77812, 150.9596 -33.77149, 150.9566 -33.7606)"
A44 - Camperdown to Strathfield,"LINESTRING (151.1941 -33.88455, 151.1852 -33.88503, 151.1722 -33.88761, 151.1633 -33.88833, 151.1597 -33.88787, 151.1546 -33.88886, 151.1482 -33.89012, 151.1445 -33.8896, 151.1409 -33.88699, 151.1336 -33.88359, 151.1298 -33.87712, 151.1261 -33.87308, 151.1236 -33.87161, 151.1171 -33.87075, 151.1003 -33.86838, 151.0953 -33.86702)"
A44 - Strathfield to Camperdown,"LINESTRING (151.0955 -33.86698, 151.1002 -33.86829, 151.1241 -33.87171, 151.1279 -33.87446, 151.1346 -33.88404, 151.1409 -33.8869, 151.145 -33.88971, 151.1485 -33.89, 151.1596 -33.88779, 151.1633 -33.88823, 151.1721 -33.88753, 151.1853 -33.88492, 151.1944 -33.88442)"
A6 - Carlingford to Padstow,"LINESTRING (151.0527 -33.77992, 151.0579 -33.78324, 151.0636 -33.79051, 151.0657 -33.7908, 151.0664 -33.79299, 151.0652 -33.7966, 151.0585 -33.79816, 151.0543 -33.80155, 151.0509 -33.82684, 151.0462 -33.83991, 151.0375 -33.85111, 151.0405 -33.85329, 151.0431 -33.85835, 151.0414 -33.86722, 151.0426 -33.87017, 151.0368 -33.90203, 151.0401 -33.90541, 151.0423 -33.9135, 151.0381 -33.92489, 151.0388 -33.92851, 151.0358 -33.93956)"
A6 - Padstow to Carlingford,"LINESTRING (151.0356 -33.93962, 151.0386 -33.9285, 151.0379 -33.92484, 151.0422 -33.91333, 151.04 -33.90542, 151.0367 -33.90199, 151.0425 -33.87025, 151.0412 -33.86707, 151.043 -33.85835, 151.0403 -33.85335, 151.0371 -33.85135, 151.0461 -33.83989, 151.0508 -33.82669, 151.0536 -33.80301, 151.0551 -33.79937, 151.0652 -33.79652, 151.0664 -33.79299, 151.0658 -33.79089, 151.0636 -33.79062, 151.0579 -33.78324, 151.0528 -33.78004)"
A60 - M3 to Southbank,"LINESTRING (145.1939 -37.96668, 145.1561 -37.93276, 145.1295 -37.91594, 145.0938 -37.89396, 145.0851 -37.89243, 145.0807 -37.88824, 145.0717 -37.88488, 145.0629 -37.88475, 145.052 -37.88293, 145.0459 -37.87656, 145.0394 -37.87483, 145.0326 -37.86841, 145.0309 -37.86851, 145.0265 -37.86597, 145.0149 -37.86097, 144.9819 -37.85547, 144.9795 -37.85402, 144.9784 -37.85121, 144.973 -37.83625, 144.9676 -37.83342, 144.9622 -37.82799)"
A60 - Southbank to M3,"LINESTRING (144.9619 -37.82736, 144.9679 -37.83334, 144.9731 -37.83606, 144.9807 -37.85478, 144.9931 -37.85773, 145.0153 -37.86077, 145.0309 -37.86831, 145.0327 -37.86827, 145.0396 -37.8747, 145.0454 -37.87615, 145.0524 -37.88293, 145.0628 -37.88459, 145.0716 -37.8847, 145.0807 -37.88801, 145.0855 -37.89243, 145.0939 -37.89368, 145.1357 -37.91963, 145.1559 -37.93228, 145.1928 -37.96532)"
A8 - Dee Why to M1,"LINESTRING (151.2802 -33.75896, 151.2771 -33.76112, 151.2723 -33.76142, 151.2713 -33.76428, 151.2662 -33.77006, 151.266 -33.77337, 151.2679 -33.78155, 151.2661 -33.78808, 151.2644 -33.78888, 151.2592 -33.78869, 151.2567 -33.78964, 151.2539 -33.79279, 151.2521 -33.79844, 151.2465 -33.80109, 151.2461 -33.80424, 151.2469 -33.80748, 151.2441 -33.81128, 151.2448 -33.81247, 151.2431 -33.8159, 151.244 -33.81869, 151.2436 -33.82276, 151.2409 -33.82458, 151.2349 -33.82464, 151.2309 -33.82786, 151.2234 -33.83154, 151.2185 -33.83014, 151.215 -33.82984)"
A8 - M1 to Dee Why,"LINESTRING (151.2152 -33.82961, 151.2153 -33.82914, 151.2171 -33.82945, 151.2231 -33.8315, 151.2307 -33.82785, 151.2348 -33.82461, 151.2408 -33.82446, 151.2435 -33.82267, 151.2439 -33.81872, 151.2431 -33.81576, 151.2447 -33.81248, 151.244 -33.8113, 151.2466 -33.80792, 151.246 -33.80425, 151.2465 -33.80092, 151.2519 -33.79846, 151.2537 -33.79281, 151.2566 -33.78958, 151.2594 -33.78856, 151.2645 -33.78877, 151.266 -33.78806, 151.2678 -33.7817, 151.266 -33.77354, 151.266 -33.7702, 151.2712 -33.76427, 151.272 -33.76148, 151.2768 -33.7611, 151.2799 -33.75895)"
A9 - Hume Freeway to M4,"LINESTRING (150.7034 -33.78659, 150.6957 -33.80737, 150.6836 -33.82752, 150.6837 -33.83892, 150.6979 -33.86034, 150.7006 -33.87579, 150.6982 -33.88267, 150.6925 -33.88957, 150.6857 -33.89321, 150.6845 -33.89799, 150.7256 -33.92777, 150.7296 -33.93521, 150.7345 -33.93849, 150.739 -33.94967, 150.7387 -33.96366, 150.7333 -33.98727, 150.7229 -34.00182, 150.7278 -34.0296, 150.7358 -34.03791, 150.7552 -34.0434, 150.7819 -34.0601)"
A9 - M4 to Hume Freeway,"LINESTRING (150.783 -34.06084, 150.7552 -34.04354, 150.7356 -34.03795, 150.7279 -34.03018, 150.7226 -34.00205, 150.733 -33.98714, 150.7384 -33.96353, 150.7388 -33.95001, 150.7345 -33.93872, 150.7293 -33.93521, 150.7254 -33.92794, 150.6843 -33.89811, 150.6853 -33.89336, 150.6928 -33.88899, 150.7001 -33.87787, 150.6977 -33.86047, 150.6882 -33.84785, 150.683 -33.83392, 150.6852 -33.82153, 150.6952 -33.80788, 150.7023 -33.78722)"
A9 - Nelson St to Port Wakefield Road,"LINESTRING (138.5027 -34.83774, 138.509 -34.83878, 138.5117 -34.84087, 138.5135 -34.84123, 138.5211 -34.83891, 138.5295 -34.83512, 138.5333 -34.83429, 138.5663 -34.83215, 138.5809 -34.83252, 138.5841 -34.83064, 138.5875 -34.82214, 138.597 -34.81202)"
A9 - Port Wakefield Road to Nelson Street,"LINESTRING (138.5971 -34.8121, 138.5876 -34.82231, 138.5846 -34.83032, 138.5812 -34.83264, 138.5664 -34.83269, 138.5333 -34.83442, 138.5296 -34.83521, 138.5211 -34.83899, 138.5135 -34.84133, 138.5117 -34.84097, 138.5089 -34.83886, 138.5056 -34.838, 138.5031 -34.83806)"
M1 - Bruce Highway to Pacific Motorway,"LINESTRING (153.0195 -27.30309, 153.0399 -27.31252, 153.0469 -27.3133, 153.0525 -27.33561, 153.0738 -27.33883, 153.0794 -27.3538, 153.0913 -27.35768, 153.0975 -27.36536, 153.0939 -27.40117, 153.0876 -27.41059, 153.0871 -27.4166, 153.1062 -27.45461, 153.1168 -27.46817, 153.1173 -27.47871, 153.1262 -27.49681, 153.1231 -27.53166, 153.1076 -27.56401, 153.108 -27.57024, 153.1035 -27.58104)"
M1 - Pacific Motorway to Bruce Highway,"LINESTRING (153.1044 -27.57958, 153.1076 -27.56362, 153.1229 -27.53166, 153.1259 -27.49686, 153.117 -27.4786, 153.1166 -27.46841, 153.1057 -27.45422, 153.0869 -27.41651, 153.0874 -27.41053, 153.0937 -27.40108, 153.0972 -27.3653, 153.091 -27.35781, 153.079 -27.35376, 153.0736 -27.33891, 153.0521 -27.33548, 153.0468 -27.31351, 153.0401 -27.31275, 153.0193 -27.30319)"
M1 (East) - City to M420,"LINESTRING (144.9317 -37.82621, 144.9415 -37.82545, 144.9582 -37.82829, 144.9731 -37.82443, 144.9898 -37.82493, 145.007 -37.83075, 145.0137 -37.8299, 145.0209 -37.83112, 145.0279 -37.83734, 145.037 -37.83792, 145.0393 -37.84019, 145.0412 -37.84695, 145.0483 -37.84954, 145.0575 -37.85497, 145.0616 -37.8667, 145.0687 -37.87622, 145.0799 -37.87692, 145.0925 -37.88372, 145.1098 -37.88683, 145.1204 -37.89145, 145.1418 -37.89395, 145.1467 -37.89579, 145.1543 -37.90392, 145.1642 -37.91118, 145.1759 -37.92199, 145.205 -37.94519, 145.2337 -37.96568, 145.2392 -37.97607, 145.2473 -37.98403)"
M1 (East) - M420 to City,"LINESTRING (145.2483 -37.9852, 145.2388 -37.97589, 145.2336 -37.96601, 145.2049 -37.94547, 145.1749 -37.92148, 145.1652 -37.9124, 145.1547 -37.90467, 145.1468 -37.8962, 145.1417 -37.89417, 145.1206 -37.89174, 145.11 -37.88711, 145.0924 -37.88386, 145.0798 -37.87709, 145.0716 -37.8772, 145.0685 -37.8763, 145.0612 -37.86644, 145.0572 -37.85486, 145.0483 -37.84974, 145.041 -37.84702, 145.0392 -37.84034, 145.0369 -37.83803, 145.0282 -37.8376, 145.0221 -37.83186, 145.0144 -37.8301, 145.0049 -37.83086, 144.9962 -37.83383, 144.9915 -37.83241, 144.9856 -37.82678, 144.9743 -37.82505, 144.9581 -37.82844, 144.9418 -37.82566, 144.9314 -37.82646)"
M1 (North) - Cahill Expressway to M2,"LINESTRING (151.214 -33.86609, 151.2129 -33.86461, 151.2137 -33.86199, 151.2132 -33.84914, 151.2101 -33.84033, 151.2111 -33.83449, 151.2135 -33.82957, 151.2132 -33.82704, 151.2113 -33.82482, 151.2074 -33.8235, 151.2055 -33.82227, 151.1982 -33.81307, 151.1954 -33.81228, 151.1917 -33.81318)"
M1 (North) - M2 to Cahill Expressway,"LINESTRING (151.192 -33.81297, 151.1955 -33.81217, 151.1987 -33.81326, 151.2056 -33.8221, 151.2077 -33.82342, 151.2116 -33.82471, 151.2138 -33.82737, 151.214 -33.82955, 151.2111 -33.83557, 151.2106 -33.84052, 151.2133 -33.84911, 151.2139 -33.85966, 151.2131 -33.86462, 151.2142 -33.86603)"
M1 (South) - Cahill Expressway to M5,"LINESTRING (151.2142 -33.86603, 151.2176 -33.86753, 151.2186 -33.86936, 151.217 -33.88032, 151.2182 -33.88519, 151.2179 -33.88727, 151.2112 -33.92045, 151.2119 -33.92237, 151.2149 -33.92527, 151.2149 -33.92799, 151.2098 -33.93497, 151.2069 -33.93598, 151.2002 -33.9362, 151.1943 -33.93842, 151.1931 -33.93955, 151.1925 -33.94225, 151.1911 -33.9438, 151.1824 -33.94595, 151.1735 -33.94609)"
M1 (South) - M5 to Cahill Expressway,"LINESTRING (151.1743 -33.94595, 151.1823 -33.94582, 151.1907 -33.94372, 151.1922 -33.94235, 151.193 -33.93932, 151.1947 -33.93799, 151.2001 -33.93612, 151.2065 -33.93594, 151.2098 -33.93485, 151.2148 -33.92801, 151.2148 -33.92531, 151.2118 -33.92249, 151.2111 -33.92043, 151.2179 -33.8869, 151.2181 -33.88522, 151.2169 -33.88036, 151.2184 -33.86941, 151.2173 -33.86751, 151.214 -33.86609)"
M1 (West) - City to M80,"LINESTRING (144.9243 -37.82789, 144.9131 -37.83314, 144.9085 -37.8339, 144.9034 -37.83267, 144.8932 -37.82688, 144.887 -37.82535, 144.8806 -37.82548, 144.8677 -37.82425, 144.8266 -37.82585)"
M1 (West) - M80 to City,"LINESTRING (144.8263 -37.82554, 144.8703 -37.82406, 144.8807 -37.82527, 144.8881 -37.82532, 144.8938 -37.82694, 144.9042 -37.83284, 144.9085 -37.83375, 144.913 -37.83301, 144.9236 -37.82787)"
M2 - CityLink then Tullamarine,"LINESTRING (144.9308 -37.82324, 144.9338 -37.81444, 144.9334 -37.80641, 144.9365 -37.8006, 144.9366 -37.79145, 144.9396 -37.78474, 144.9369 -37.77497, 144.9378 -37.75772, 144.9344 -37.74979, 144.9339 -37.74444, 144.9294 -37.73678, 144.9243 -37.73379, 144.9142 -37.7327, 144.9033 -37.73561, 144.8945 -37.73463, 144.8919 -37.73338, 144.8904 -37.73041, 144.8924 -37.71615, 144.8873 -37.69765, 144.8822 -37.69075, 144.8722 -37.68245)"
M2 - M1 to M7,"LINESTRING (151.1917 -33.81318, 151.1864 -33.81381, 151.1787 -33.81233, 151.1708 -33.81237, 151.1584 -33.80942, 151.1483 -33.80416, 151.1371 -33.79635, 151.1328 -33.78151, 151.1182 -33.77209, 151.1127 -33.76654, 151.1081 -33.76474, 151.0982 -33.76546, 151.0834 -33.76419, 151.0705 -33.76173, 151.0644 -33.75802, 151.0601 -33.75704, 151.0391 -33.7604, 151.0302 -33.7646, 151.019 -33.76291, 151.01 -33.76623, 150.9779 -33.77247, 150.9695 -33.77182, 150.9646 -33.76714)"
M2 - M7 to M1,"LINESTRING (150.9659 -33.76863, 150.9714 -33.77227, 150.9791 -33.77222, 151.0105 -33.76593, 151.0182 -33.76286, 151.0299 -33.76445, 151.0382 -33.76041, 151.0598 -33.75688, 151.0643 -33.75779, 151.0706 -33.76164, 151.0835 -33.76406, 151.0982 -33.76533, 151.1082 -33.76462, 151.1128 -33.76645, 151.1182 -33.77184, 151.1329 -33.78142, 151.1372 -33.79638, 151.1481 -33.8038, 151.1586 -33.80931, 151.171 -33.81224, 151.1785 -33.81214, 151.1864 -33.81373, 151.192 -33.81298)"
M2 - Tullarmarine then CityLink,"LINESTRING (144.8721 -37.68203, 144.8812 -37.68942, 144.8875 -37.69771, 144.8928 -37.7147, 144.8906 -37.73042, 144.892 -37.7333, 144.9033 -37.73544, 144.9137 -37.73253, 144.924 -37.73356, 144.9294 -37.73637, 144.934 -37.74398, 144.9345 -37.74952, 144.9381 -37.75806, 144.9372 -37.7752, 144.9398 -37.78479, 144.9368 -37.79149, 144.9366 -37.80074, 144.9336 -37.80621, 144.934 -37.81419, 144.9311 -37.82279)"
M2 (North) - Logan Motorway to Pacific Motorway,"LINESTRING (153.0611 -27.64168, 153.0616 -27.63728, 153.065 -27.63092, 153.0665 -27.62418, 153.0689 -27.62207, 153.0748 -27.62077, 153.0774 -27.61902, 153.0786 -27.61676, 153.0788 -27.61277, 153.0797 -27.61049, 153.0835 -27.60703, 153.0869 -27.60271, 153.0928 -27.59895, 153.0939 -27.59706, 153.0956 -27.59046, 153.103 -27.58144)"
M2 (North) - Pacific Motorway to Logan Motorway,"LINESTRING (153.1026 -27.58213, 153.0958 -27.59051, 153.094 -27.59712, 153.0929 -27.59907, 153.0871 -27.60282, 153.0837 -27.60738, 153.0798 -27.61069, 153.079 -27.61264, 153.0787 -27.61683, 153.0775 -27.61915, 153.0748 -27.62098, 153.0691 -27.6222, 153.0667 -27.62417, 153.0658 -27.62629, 153.0653 -27.63082, 153.0618 -27.63733, 153.0614 -27.64167)"
M2 (West) - Gateway Motorway to Ipswich Motorway,"LINESTRING (153.0613 -27.64124, 153.0611 -27.64715, 153.0593 -27.64876, 153.0568 -27.64927, 153.0497 -27.64776, 153.0416 -27.64706, 153.0366 -27.64557, 153.001 -27.64035, 152.9973 -27.64036, 152.9903 -27.64183, 152.9836 -27.64113, 152.981 -27.64015, 152.9766 -27.63708, 152.9736 -27.63573, 152.9659 -27.63389, 152.9562 -27.63302, 152.9474 -27.63039, 152.9451 -27.62865, 152.9408 -27.62372, 152.9379 -27.61866, 152.9339 -27.61389, 152.9278 -27.61098, 152.9218 -27.60645)"
M2 (West) - Ipswich Motorway to Gateway,"LINESTRING (152.9215 -27.60609, 152.9278 -27.61079, 152.9342 -27.61387, 152.9382 -27.61877, 152.9409 -27.62359, 152.9473 -27.63016, 152.9565 -27.63289, 152.9662 -27.63375, 152.9736 -27.63553, 152.9828 -27.64056, 152.9903 -27.64156, 152.9973 -27.64018, 153.0005 -27.64012, 153.0365 -27.64537, 153.0422 -27.64693, 153.0469 -27.64678, 153.055 -27.64805, 153.0577 -27.64758, 153.0597 -27.64623, 153.0609 -27.64424, 153.0611 -27.64158)"
M3 - Frankston to Hoddle Street,"LINESTRING (145.1625 -38.08848, 145.1762 -38.08257, 145.1815 -38.07174, 145.1895 -38.03285, 145.1873 -38.01672, 145.1947 -37.96775, 145.2022 -37.95621, 145.2155 -37.91711, 145.2142 -37.88181, 145.2112 -37.8652, 145.2173 -37.84409, 145.2173 -37.82217, 145.2155 -37.81341, 145.2079 -37.80593, 145.1927 -37.80032, 145.1739 -37.80412, 145.1422 -37.7984, 145.1218 -37.79729, 145.1088 -37.79348, 145.1014 -37.78736, 145.0982 -37.78126, 145.0943 -37.77978, 145.0796 -37.78015, 145.0606 -37.78543, 145.0499 -37.79103, 145.0161 -37.79125, 145 -37.79568)"
M3 - Hoddle St to Frankston,"LINESTRING (145.0018 -37.79498, 145.0158 -37.79093, 145.0501 -37.79065, 145.0603 -37.78508, 145.0788 -37.78009, 145.0942 -37.77959, 145.0985 -37.78131, 145.1088 -37.79335, 145.1206 -37.79687, 145.1425 -37.79828, 145.1737 -37.80397, 145.1926 -37.80012, 145.2077 -37.8056, 145.2157 -37.81327, 145.2175 -37.82183, 145.2176 -37.84387, 145.2115 -37.86499, 145.215 -37.88567, 145.2157 -37.91789, 145.2028 -37.95549, 145.195 -37.96757, 145.1875 -38.01691, 145.1898 -38.03309, 145.1805 -38.07662, 145.1741 -38.08441, 145.1584 -38.09001)"
M3 (South) - Inner City Bypass to Pacific Motorway,"LINESTRING (153.0311 -27.448, 153.03 -27.45006, 153.0248 -27.45247, 153.022 -27.45661, 153.0131 -27.45787, 153.0115 -27.46174, 153.0109 -27.46811, 153.0176 -27.46759, 153.0225 -27.47188, 153.0309 -27.4829, 153.0337 -27.49128, 153.0397 -27.49872, 153.0392 -27.50968, 153.0414 -27.51318, 153.0498 -27.51775, 153.055 -27.52383, 153.0618 -27.54411, 153.0762 -27.56076, 153.0979 -27.5743, 153.1029 -27.58084)"
M3 (South) - Pacific Motorway to Inner City Bypass,"LINESTRING (153.1027 -27.58082, 153.0973 -27.57407, 153.0764 -27.56117, 153.0628 -27.54557, 153.0595 -27.54024, 153.055 -27.52426, 153.0504 -27.51858, 153.0416 -27.51366, 153.039 -27.50984, 153.0395 -27.49893, 153.0333 -27.49173, 153.0307 -27.48276, 153.0177 -27.4679, 153.0107 -27.46837, 153.0129 -27.45798, 153.0218 -27.45651, 153.0248 -27.4523, 153.03 -27.44998, 153.031 -27.44793)"
M3-A3 - Airport Link to M1,"LINESTRING (153.0324 -27.40931, 153.0314 -27.3901, 153.0292 -27.3791, 153.0175 -27.36831, 153.0168 -27.35715, 153.01 -27.33828, 153.0133 -27.32164, 153.0116 -27.312, 153.0166 -27.30008)"
M3-A3 - M1 to Airport Link,"LINESTRING (153.0167 -27.30016, 153.0118 -27.31202, 153.0135 -27.32133, 153.0102 -27.33838, 153.017 -27.35713, 153.0176 -27.36812, 153.0295 -27.37925, 153.0315 -27.39013, 153.0325 -27.40932)"
M4 - Gateway Motorway to Port of Brisbane,"LINESTRING (153.1112 -27.45491, 153.113 -27.45277, 153.1154 -27.45118, 153.1321 -27.4456, 153.1342 -27.44439, 153.1363 -27.44176, 153.1409 -27.43296, 153.1454 -27.42669, 153.1474 -27.42495, 153.1515 -27.42371, 153.157 -27.42445, 153.1597 -27.42421, 153.1622 -27.42309, 153.1653 -27.4204, 153.1669 -27.4176, 153.1672 -27.4144, 153.1646 -27.3986, 153.1629 -27.3958, 153.1628 -27.39385, 153.1635 -27.39036, 153.1691 -27.38191)"
M4 - Glenbrook to Strathfield,"LINESTRING (150.6401 -33.76337, 150.6425 -33.75831, 150.6489 -33.75698, 150.6789 -33.77811, 150.7029 -33.78529, 150.7686 -33.78377, 150.8045 -33.79065, 150.8315 -33.79171, 150.8675 -33.80057, 150.9291 -33.80654, 150.9666 -33.81681, 150.9784 -33.81739, 150.9958 -33.82764, 151.0151 -33.8275, 151.0615 -33.85424, 151.0951 -33.86676)"
M4 - Port of Brisbane to Gateway Motorway,"LINESTRING (153.1692 -27.38196, 153.1639 -27.39024, 153.1644 -27.39733, 153.1674 -27.41462, 153.1669 -27.4178, 153.1655 -27.42032, 153.1626 -27.42291, 153.16 -27.42425, 153.1571 -27.42456, 153.151 -27.42389, 153.1473 -27.42521, 153.1411 -27.433, 153.1365 -27.44163, 153.1343 -27.44451, 153.1322 -27.44569, 153.1148 -27.45168, 153.1128 -27.45306, 153.1109 -27.4557)"
M4 - Strathfield to Glenbrook,"LINESTRING (151.095 -33.86667, 151.0614 -33.85441, 151.0149 -33.82773, 150.9959 -33.82781, 150.9784 -33.81751, 150.9665 -33.81689, 150.9288 -33.80661, 150.8678 -33.80085, 150.8322 -33.79211, 150.8047 -33.79098, 150.769 -33.78405, 150.7475 -33.78308, 150.7032 -33.78558, 150.6792 -33.77879, 150.6489 -33.75714, 150.6423 -33.75861, 150.6403 -33.76346)"
M4 (East)-A4 - Cahill Expressway to Strathfield,"LINESTRING (151.2059 -33.86088, 151.203 -33.86673, 151.2034 -33.87204, 151.2021 -33.87412, 151.196 -33.87497, 151.1925 -33.87128, 151.1801 -33.86797, 151.1758 -33.86953, 151.1716 -33.86932, 151.1691 -33.87004, 151.1676 -33.87183, 151.1667 -33.8759, 151.1659 -33.87726, 151.1634 -33.87886, 151.1605 -33.87953, 151.1575 -33.87893, 151.1526 -33.87612, 151.1484 -33.87528, 151.1425 -33.87594, 151.1339 -33.87826, 151.1302 -33.87801, 151.1236 -33.87472, 151.1064 -33.8699, 151.0919 -33.86402, 151.084 -33.86266, 151.0751 -33.85881)"
M4 (East)-A4 - Strathfield to Cahill Expressway,"LINESTRING (151.0752 -33.85867, 151.0841 -33.86248, 151.0923 -33.8639, 151.106 -33.86953, 151.1233 -33.87441, 151.1306 -33.8779, 151.1338 -33.87806, 151.1432 -33.8756, 151.1485 -33.87506, 151.1523 -33.87578, 151.1579 -33.87848, 151.1602 -33.879, 151.1634 -33.87822, 151.1658 -33.87663, 151.1673 -33.87177, 151.169 -33.86983, 151.1711 -33.86917, 151.1751 -33.86918, 151.1793 -33.86784, 151.1813 -33.86794, 151.1923 -33.87105, 151.1962 -33.87486, 151.2014 -33.87348, 151.2028 -33.8719, 151.2029 -33.86681, 151.2055 -33.8608)"
M420 - Monash Freeway to South Gippsland Highway,"LINESTRING (145.2537 -37.99518, 145.2527 -37.99828, 145.2518 -38.00548, 145.2503 -38.01255, 145.2472 -38.02503, 145.2469 -38.02748, 145.2473 -38.03244)"
M420 - South Gippsland Highway to Monash Freeway,"LINESTRING (145.247 -38.035, 145.2466 -38.0279, 145.2467 -38.02587, 145.2499 -38.01283, 145.2516 -38.0047, 145.2526 -37.99764, 145.2536 -37.99446)"
M5 - Bowen Hills to Logan Motorway,"LINESTRING (153.0311 -27.44796, 153.03 -27.45006, 153.0248 -27.45247, 153.022 -27.45661, 153.0084 -27.45817, 152.9874 -27.47291, 152.9694 -27.4827, 152.9671 -27.48511, 152.9667 -27.49202, 152.9628 -27.50091, 152.9631 -27.5061, 152.959 -27.51008, 152.9552 -27.51708, 152.9484 -27.5211, 152.9465 -27.53122, 152.9467 -27.5377, 152.9416 -27.54745, 152.94 -27.55951, 152.9476 -27.58241, 152.9483 -27.59107, 152.9444 -27.60301, 152.9424 -27.62126)"
M5 - Hume Motorway to M1,"LINESTRING (150.8763 -33.95791, 150.8774 -33.95423, 150.8802 -33.95139, 150.8943 -33.94712, 150.905 -33.93863, 150.9088 -33.93745, 150.9435 -33.94213, 150.9532 -33.94571, 150.9668 -33.94738, 150.9883 -33.94363, 150.9983 -33.94339, 151.0083 -33.93957, 151.0207 -33.94099, 151.0324 -33.93991, 151.0585 -33.94322, 151.073 -33.94362, 151.0856 -33.94011, 151.0973 -33.93963, 151.1064 -33.93643, 151.1255 -33.93664, 151.1393 -33.93465, 151.1509 -33.93646, 151.1662 -33.94635, 151.1732 -33.94596)"
M5 - Logan Motorway to Bowen Hills,"LINESTRING (152.9418 -27.62119, 152.9443 -27.60301, 152.9482 -27.5909, 152.9474 -27.58229, 152.9447 -27.57755, 152.9437 -27.56877, 152.9398 -27.55968, 152.9415 -27.54747, 152.9465 -27.53784, 152.9483 -27.52113, 152.955 -27.51707, 152.9589 -27.51006, 152.9631 -27.50595, 152.9626 -27.50072, 152.9665 -27.49202, 152.967 -27.48505, 152.9693 -27.48262, 152.9872 -27.47289, 153.0083 -27.45807, 153.0218 -27.45651, 153.0251 -27.45209, 153.03 -27.44998, 153.0311 -27.44745)"
M5 - M1 to Hume Motorway,"LINESTRING (151.1727 -33.94611, 151.1662 -33.94644, 151.1507 -33.93653, 151.139 -33.93472, 151.1257 -33.93666, 151.1064 -33.93662, 151.0978 -33.93966, 151.0858 -33.94017, 151.0737 -33.9437, 151.0583 -33.94332, 151.033 -33.9401, 151.0207 -33.94112, 151.0084 -33.93965, 150.998 -33.94357, 150.9892 -33.94364, 150.966 -33.94748, 150.9529 -33.94582, 150.9435 -33.9423, 150.9088 -33.93759, 150.905 -33.93883, 150.8946 -33.94715, 150.8804 -33.95148, 150.8776 -33.95423, 150.8766 -33.95776)"
M6 - Gateway Motorway to Pacific Motorway,"LINESTRING (153.0649 -27.64883, 153.0771 -27.65613, 153.0929 -27.66003, 153.1042 -27.6661, 153.1071 -27.66709, 153.1214 -27.66849, 153.1386 -27.66512, 153.1529 -27.66683, 153.1618 -27.66696, 153.1651 -27.66927, 153.1672 -27.67642, 153.1726 -27.68269, 153.1758 -27.68412, 153.1891 -27.68578, 153.1907 -27.68711, 153.1922 -27.69054)"
M6 - Pacific Motorway to Gateway Motorway,"LINESTRING (153.1919 -27.69065, 153.1898 -27.68729, 153.1883 -27.68614, 153.1756 -27.68425, 153.1725 -27.68283, 153.1671 -27.67654, 153.1651 -27.66951, 153.1619 -27.66715, 153.1596 -27.66672, 153.1528 -27.66699, 153.1385 -27.66534, 153.1215 -27.66866, 153.107 -27.66727, 153.1041 -27.66624, 153.0933 -27.66031, 153.0769 -27.6562, 153.0647 -27.64891)"
M7 - M2 to M5,"LINESTRING (150.9639 -33.76619, 150.949 -33.75092, 150.9292 -33.74167, 150.9105 -33.73721, 150.8559 -33.73013, 150.8495 -33.73324, 150.846 -33.74914, 150.8478 -33.75718, 150.8462 -33.76593, 150.8583 -33.78098, 150.8521 -33.81209, 150.8566 -33.83426, 150.8457 -33.87304, 150.8353 -33.89192, 150.8457 -33.9032, 150.8542 -33.92081, 150.8642 -33.92657, 150.8694 -33.93333, 150.8781 -33.9375, 150.8777 -33.9461)"
M7 - M5 to M2,"LINESTRING (150.8781 -33.94403, 150.8777 -33.93744, 150.8694 -33.93362, 150.8639 -33.92659, 150.8537 -33.92067, 150.8453 -33.90308, 150.8377 -33.89715, 150.835 -33.89176, 150.8453 -33.87318, 150.8562 -33.83547, 150.8519 -33.81137, 150.8581 -33.78161, 150.8559 -33.77638, 150.8461 -33.767, 150.8476 -33.75673, 150.8457 -33.74951, 150.849 -33.73335, 150.856 -33.72987, 150.9117 -33.73712, 150.9309 -33.74185, 150.9537 -33.75397, 150.9657 -33.7684)"
M79 - Essendon to Gap Road,"LINESTRING (144.9001 -37.73548, 144.8842 -37.73376, 144.8714 -37.72982, 144.8454 -37.72468, 144.8325 -37.71327, 144.8188 -37.70741, 144.7626 -37.67084, 144.744 -37.66152, 144.7247 -37.62714, 144.7148 -37.62051, 144.6993 -37.60366, 144.6812 -37.5791)"
M79 - Gap Road to Essendon,"LINESTRING (144.6817 -37.57915, 144.6995 -37.6035, 144.7156 -37.6209, 144.7249 -37.62705, 144.742 -37.65788, 144.7463 -37.6624, 144.7638 -37.67126, 144.8063 -37.69807, 144.8183 -37.70673, 144.8327 -37.713, 144.8456 -37.72442, 144.8722 -37.72984, 144.8843 -37.73362, 144.8945 -37.73385, 144.9002 -37.73513)"
M7-A7 - Logan Motorway to Southern Cross Way,"LINESTRING (152.9203 -27.60056, 152.9227 -27.59474, 152.9289 -27.58578, 152.9387 -27.57934, 152.9735 -27.56756, 152.989 -27.5643, 153.0078 -27.55653, 153.0102 -27.54593, 153.0128 -27.54174, 153.0144 -27.53565, 153.0295 -27.5179, 153.0345 -27.50635, 153.0352 -27.49769, 153.0332 -27.49019, 153.036 -27.48351, 153.0352 -27.46102, 153.0312 -27.43714, 153.0335 -27.42371, 153.0364 -27.4179, 153.0456 -27.41164, 153.052 -27.41034, 153.0655 -27.41216, 153.0691 -27.41105)"
M7-A7 - Southern Cross Way to Logan Motorway,"LINESTRING (153.07 -27.41089, 153.0658 -27.41229, 153.0592 -27.41103, 153.0477 -27.41102, 153.0377 -27.41724, 153.0347 -27.42125, 153.0316 -27.43642, 153.0318 -27.44336, 153.0354 -27.46168, 153.0361 -27.48389, 153.0334 -27.49019, 153.0349 -27.49598, 153.0347 -27.50634, 153.0297 -27.51778, 153.0145 -27.53562, 153.0129 -27.54177, 153.0103 -27.54565, 153.0083 -27.55631, 152.9895 -27.56427, 152.9736 -27.56762, 152.9386 -27.57957, 152.9287 -27.58631, 152.9205 -27.60064)"
M8 - M5 to Mascot,"LINESTRING (151.0834 -33.9408, 151.0866 -33.93988, 151.0933 -33.94008, 151.1051 -33.93856, 151.1245 -33.93717, 151.1325 -33.93749, 151.1452 -33.93906, 151.1498 -33.93878, 151.1539 -33.93738, 151.1582 -33.93434, 151.1607 -33.93052, 151.163 -33.92398, 151.1706 -33.91716, 151.1742 -33.9159, 151.1788 -33.91544, 151.1805 -33.91638, 151.1819 -33.9191, 151.1846 -33.91972)"
M8 - Mascot to M5,"LINESTRING (151.1827 -33.91954, 151.1817 -33.91908, 151.1803 -33.91721, 151.1777 -33.91618, 151.1753 -33.9161, 151.1727 -33.91693, 151.1657 -33.92148, 151.1636 -33.92349, 151.1603 -33.9317, 151.1578 -33.93507, 151.1541 -33.93753, 151.15 -33.93894, 151.1451 -33.93927, 151.1319 -33.93764, 151.1244 -33.93737, 151.1064 -33.93862, 151.0941 -33.94053, 151.0861 -33.94021, 151.0816 -33.94163)"
M80 - Altona to Greensborough,"LINESTRING (144.8113 -37.82373, 144.8083 -37.81639, 144.8063 -37.80331, 144.8029 -37.80127, 144.7914 -37.79962, 144.7875 -37.79574, 144.7877 -37.78886, 144.7937 -37.77803, 144.7949 -37.77069, 144.8001 -37.76741, 144.8106 -37.76814, 144.816 -37.76629, 144.8238 -37.75657, 144.8483 -37.74109, 144.8548 -37.73138, 144.9031 -37.69411, 144.9064 -37.69349, 144.9194 -37.69453, 144.962 -37.69176, 145.0144 -37.68577, 145.0416 -37.68747, 145.0581 -37.68614, 145.0746 -37.68691, 145.0896 -37.69113, 145.0927 -37.69305)"
M80 - Greensborough to Altona,"LINESTRING (145.0915 -37.69397, 145.0875 -37.69075, 145.0756 -37.68711, 145.0584 -37.68628, 145.0417 -37.68762, 145.0146 -37.68591, 144.9619 -37.69188, 144.9197 -37.69469, 144.9031 -37.69431, 144.8554 -37.73119, 144.8482 -37.74147, 144.8246 -37.75619, 144.8164 -37.76625, 144.8106 -37.76831, 144.8004 -37.76752, 144.7953 -37.77053, 144.7939 -37.77846, 144.7882 -37.78856, 144.7877 -37.79544, 144.7912 -37.79931, 144.8027 -37.80097, 144.8066 -37.80319, 144.8085 -37.81634, 144.8115 -37.82357)"
NorthConnex-M1 - Brooklyn to M2,"LINESTRING (151.038 -33.76044, 151.0492 -33.75749, 151.0545 -33.74418, 151.0797 -33.72942, 151.1029 -33.72485, 151.1085 -33.7212, 151.1171 -33.70848, 151.1213 -33.69409, 151.1215 -33.66835, 151.1365 -33.65553, 151.1388 -33.6455, 151.148 -33.63518, 151.1512 -33.6261, 151.159 -33.61896, 151.1625 -33.6078, 151.1722 -33.59708, 151.1738 -33.58952, 151.1915 -33.5793, 151.1924 -33.55296, 151.1977 -33.54235)"
NorthConnex-M1 - M2 to Brooklyn,"LINESTRING (151.1982 -33.54131, 151.1927 -33.55295, 151.1918 -33.57921, 151.1741 -33.58949, 151.1721 -33.59766, 151.1626 -33.60827, 151.1595 -33.61878, 151.1512 -33.62652, 151.1478 -33.63594, 151.1389 -33.64573, 151.1369 -33.6553, 151.1217 -33.66842, 151.1216 -33.69364, 151.1153 -33.7126, 151.1056 -33.72395, 151.083 -33.72809, 151.0559 -33.74343, 151.0521 -33.7478, 151.0504 -33.7575, 151.0372 -33.76093)"
Princes Freeway - Geelong Ring Road to M80,"LINESTRING (144.3985 -38.05082, 144.4202 -38.03518, 144.5131 -37.99222, 144.6272 -37.9295, 144.6939 -37.90731, 144.7073 -37.89778, 144.7099 -37.8908, 144.7091 -37.8835, 144.7125 -37.87966, 144.7509 -37.8698, 144.7732 -37.867, 144.7764 -37.86378, 144.7816 -37.84655, 144.8111 -37.83217)"
Princes Freeway - M80 to Geelong Ring Road,"LINESTRING (144.8094 -37.83342, 144.7819 -37.84667, 144.7739 -37.86686, 144.7513 -37.86994, 144.7129 -37.87984, 144.7096 -37.88363, 144.7075 -37.89785, 144.6937 -37.90774, 144.6275 -37.93041, 144.5168 -37.99058, 144.4201 -38.03552, 144.3988 -38.05092)"
Route 1 - Roe Highway to Tonkin Highway,"LINESTRING (116.0139 -31.86376, 116.0223 -31.77915, 116.0313 -31.76809, 116.0404 -31.75027, 116.0346 -31.73295, 116.035 -31.72667, 116.0386 -31.71741, 116.0318 -31.67212, 116.0146 -31.64056, 116.0141 -31.60739, 115.998 -31.5827, 115.994 -31.5677)"
Route 1 - Tonkin Highway to Roe Highway,"LINESTRING (115.994 -31.56773, 115.998 -31.5827, 116.0141 -31.60739, 116.0146 -31.64056, 116.0318 -31.67212, 116.0386 -31.71741, 116.035 -31.72667, 116.0346 -31.73295, 116.0404 -31.75027, 116.0314 -31.76807, 116.0224 -31.77926, 116.0141 -31.86379)"
Route 2 - A7 to Gateway,"LINESTRING (153.0106 -27.55689, 153.0216 -27.55853, 153.0265 -27.55722, 153.0375 -27.55933, 153.0437 -27.55769, 153.0742 -27.56186, 153.0825 -27.55934, 153.0916 -27.55502, 153.0965 -27.55524, 153.0998 -27.55446, 153.1108 -27.54672, 153.116 -27.54516)"
Route 2 - Gateway to A7,"LINESTRING (153.1162 -27.54525, 153.1108 -27.54687, 153.0999 -27.55454, 153.0964 -27.55533, 153.0917 -27.55512, 153.0841 -27.55884, 153.0742 -27.56201, 153.0436 -27.55782, 153.0377 -27.55942, 153.0266 -27.5573, 153.0217 -27.55868, 153.011 -27.5571)"
Route 2 (Kwinana) - Forrest Highway to Mitchell Freeway,"LINESTRING (115.8142 -32.56092, 115.8149 -32.52425, 115.7852 -32.50075, 115.7837 -32.47511, 115.8033 -32.4488, 115.8108 -32.41974, 115.8257 -32.39852, 115.8343 -32.36241, 115.8341 -32.33947, 115.8266 -32.32245, 115.84 -32.27832, 115.8529 -32.26078, 115.8482 -32.21799, 115.8568 -32.19162, 115.8595 -32.1351, 115.849 -32.08191, 115.8607 -32.02782, 115.8471 -31.96162)"
Route 2 (Kwinana) - Mitchell Freeway to Forrest Highway,"LINESTRING (115.8474 -31.96182, 115.861 -32.02795, 115.8492 -32.08291, 115.8601 -32.1325, 115.8572 -32.19171, 115.8486 -32.2181, 115.8533 -32.26015, 115.8404 -32.27797, 115.8269 -32.32218, 115.8345 -32.33944, 115.8346 -32.36242, 115.8266 -32.39714, 115.811 -32.42021, 115.8035 -32.44899, 115.7841 -32.47532, 115.7855 -32.50063, 115.8153 -32.52418, 115.8146 -32.56161)"
Route 2 (Mitchell) - Hester Avenue to Swan River,"LINESTRING (115.7327 -31.67184, 115.7606 -31.7497, 115.7798 -31.77397, 115.7839 -31.8218, 115.7947 -31.83979, 115.8015 -31.85921, 115.8023 -31.89058, 115.8061 -31.89503, 115.8199 -31.90044, 115.8257 -31.92155, 115.8405 -31.93879, 115.8499 -31.94459, 115.8498 -31.95726, 115.8473 -31.96242)"
Route 2 (Mitchell) - Swan River to Hester Avenue,"LINESTRING (115.8471 -31.96163, 115.8494 -31.94512, 115.8402 -31.93933, 115.8254 -31.92174, 115.8195 -31.90061, 115.8059 -31.89532, 115.8022 -31.89131, 115.8008 -31.85817, 115.7941 -31.83946, 115.7833 -31.82153, 115.7796 -31.7749, 115.7604 -31.74994, 115.7305 -31.67075)"
Route 3 (Reid Highway) - Mitchell Freeway to Tonkin Freeway,"LINESTRING (115.8009 -31.85641, 115.8078 -31.85622, 115.8285 -31.85953, 115.8433 -31.86489, 115.8595 -31.86515, 115.8821 -31.86809, 115.8946 -31.86771, 115.9082 -31.86591)"
Route 3 (Reid Highway) - Tonkin Freeway to Mitchell Freeway,"LINESTRING (115.9088 -31.86611, 115.8955 -31.86784, 115.8825 -31.8683, 115.8593 -31.86535, 115.8432 -31.86512, 115.8287 -31.85981, 115.808 -31.85641, 115.7999 -31.85668)"
Route 3 (Roe Highway) - Great Northern Highway to Kwinana Freeway,"LINESTRING (116.0145 -31.86419, 116.0244 -31.86533, 116.0286 -31.87159, 116.0276 -31.89404, 116.017 -31.90687, 116.0148 -31.91616, 116.0181 -31.93737, 116.0103 -31.96243, 115.9969 -31.97382, 115.975 -32.00175, 115.9705 -32.0276, 115.9375 -32.05141, 115.9275 -32.05464, 115.9076 -32.05561, 115.8766 -32.08158, 115.8561 -32.08794)"
Route 3 (Roe Highway) - Kwinana Freeway to Great Northern Highway,"LINESTRING (115.8538 -32.08747, 115.8765 -32.08138, 115.9073 -32.05545, 115.9256 -32.05462, 115.9376 -32.05105, 115.9702 -32.02747, 115.975 -32.00165, 115.9962 -31.97439, 116.01 -31.96246, 116.0176 -31.938, 116.0146 -31.91617, 116.0168 -31.90704, 116.0274 -31.89445, 116.0284 -31.87196, 116.0245 -31.86568, 116.0149 -31.86438)"
Route 4 - Great Northern Highway to Thomas Road,"LINESTRING (115.9928 -31.57494, 115.9948 -31.59811, 115.9787 -31.62767, 115.9818 -31.74313, 115.9752 -31.75822, 115.9519 -31.76877, 115.9144 -31.80842, 115.9181 -31.89174, 115.925 -31.91762, 115.9543 -31.94855, 115.9562 -31.96827, 115.9788 -31.98062, 115.9963 -31.99875, 115.9969 -32.01226, 116.0155 -32.04953, 116.0169 -32.08669, 115.9636 -32.13078, 115.9567 -32.14158, 115.9626 -32.19752, 115.9696 -32.20691)"
Route 4 - Thomas Road to Great Northern Highway,"LINESTRING (115.9695 -32.20673, 115.9622 -32.19707, 115.9618 -32.16027, 115.9563 -32.14192, 115.9638 -32.13032, 116.0165 -32.08688, 116.0154 -32.05013, 115.9966 -32.01231, 115.9958 -31.99831, 115.9786 -31.98076, 115.956 -31.96849, 115.954 -31.94856, 115.925 -31.91837, 115.9179 -31.89197, 115.9136 -31.80888, 115.9518 -31.76867, 115.9755 -31.75765, 115.9818 -31.74248, 115.9785 -31.62766, 115.9946 -31.59808, 115.9926 -31.575)"
"Route 5 - Great Eastern Highway to Stirling Highway, High Street","LINESTRING (115.8869 -31.96725, 115.8808 -31.96359, 115.8741 -31.96401, 115.8556 -31.95682, 115.8548 -31.9585, 115.8508 -31.95915, 115.8484 -31.96202, 115.8424 -31.96324, 115.8378 -31.9686, 115.833 -31.9717, 115.8073 -31.97851, 115.7834 -31.98264, 115.7717 -31.98678, 115.7687 -31.98888, 115.761 -32.00051, 115.755 -32.01299, 115.7523 -32.02921, 115.7537 -32.03414, 115.7633 -32.0427, 115.7644 -32.04967, 115.7658 -32.05068)"
"Route 5 - Stirling Highway, High St to Great Eastern Highway","LINESTRING (115.7643 -32.05051, 115.7634 -32.043, 115.7535 -32.03429, 115.7522 -32.02916, 115.755 -32.0128, 115.7609 -32.00061, 115.7711 -31.98699, 115.7833 -31.98255, 115.8043 -31.97897, 115.8329 -31.97165, 115.8372 -31.969, 115.8423 -31.96319, 115.8483 -31.96197, 115.8511 -31.95888, 115.8548 -31.95838, 115.8559 -31.95605, 115.8592 -31.95699, 115.8586 -31.95862, 115.8745 -31.96397, 115.8791 -31.96213, 115.8871 -31.96722)"
Route 6 - Fremantle to Great Eastern Highway,"LINESTRING (115.7536 -32.04396, 115.7554 -32.04259, 115.7622 -32.04099, 115.7684 -32.04091, 115.7723 -32.03922, 115.8004 -32.03241, 115.8105 -32.03194, 115.824 -32.02889, 115.8333 -32.02054, 115.8561 -32.00957, 115.8595 -32.00577, 115.8631 -31.99806, 115.8864 -31.96977)"
Route 6 - Great Eastern Highway to Fremantle,"LINESTRING (115.8867 -31.96964, 115.8634 -31.99775, 115.8596 -32.00586, 115.8562 -32.00978, 115.8508 -32.0119, 115.8332 -32.02079, 115.8241 -32.02894, 115.8105 -32.03206, 115.7992 -32.03278, 115.7723 -32.03922, 115.7684 -32.04091, 115.7628 -32.041, 115.7552 -32.04276)"
Route 7 - Stirling Highway to Tonkin Freeway,"LINESTRING (115.7652 -32.05066, 115.7884 -32.05024, 115.8167 -32.0461, 115.8658 -32.04679, 115.8975 -32.02495, 115.9084 -32.02215, 115.9176 -32.01459, 115.9264 -32.00483, 115.9299 -31.98965, 115.9448 -31.97786, 115.9522 -31.96939)"
Route 7 - Tonkin Freeway to Stirling Highway,"LINESTRING (115.9532 -31.96889, 115.9491 -31.97432, 115.9302 -31.98955, 115.9267 -32.0044, 115.9182 -32.01435, 115.9086 -32.02226, 115.8978 -32.02496, 115.8658 -32.04696, 115.8166 -32.04626, 115.7883 -32.05042, 115.7644 -32.05051)"
Route 8 - Canning Road to Mitchell Freeway,"LINESTRING (116.0739 -32.01909, 116.0614 -32.01564, 116.043 -32.01541, 116.0289 -32.0098, 116.0222 -32.00459, 116.0092 -32.00413, 116.001 -32.00905, 115.9712 -32.00279, 115.9582 -31.99623, 115.9464 -31.9948, 115.8914 -31.94834, 115.8878 -31.94741, 115.8761 -31.94773, 115.8695 -31.94965, 115.854 -31.94378)"
Route 8 - Mitchell Freeway to Canning Road,"LINESTRING (115.8541 -31.94362, 115.8696 -31.94953, 115.8764 -31.94761, 115.8876 -31.94723, 115.8924 -31.94868, 115.9465 -31.99466, 115.9595 -31.9964, 115.9702 -32.00218, 115.9776 -32.00449, 116.0009 -32.00889, 116.009 -32.00406, 116.0223 -32.00435, 116.0289 -32.00974, 116.0435 -32.01547, 116.0614 -32.01564, 116.0739 -32.01909)"
Western Freeway - Bacchus Marsh to Derrimut,"LINESTRING (144.4441 -37.664, 144.4629 -37.66837, 144.4662 -37.67192, 144.4687 -37.68075, 144.4776 -37.68486, 144.4983 -37.68574, 144.5128 -37.69016, 144.5211 -37.68925, 144.5289 -37.68693, 144.5353 -37.68681, 144.5756 -37.69116, 144.5887 -37.69468, 144.6074 -37.69547, 144.6127 -37.69676, 144.6465 -37.72027, 144.6706 -37.73448, 144.7051 -37.74689, 144.7238 -37.75059, 144.7331 -37.75435, 144.7456 -37.7698, 144.7491 -37.79027, 144.7508 -37.79345, 144.7569 -37.79703, 144.7717 -37.79837)"
Western Freeway - Derrimut to Bacchus Marsh,"LINESTRING (144.7714 -37.79854, 144.7567 -37.79719, 144.7507 -37.79364, 144.7489 -37.79049, 144.7454 -37.76998, 144.7325 -37.75422, 144.7233 -37.75082, 144.7051 -37.74731, 144.6708 -37.73495, 144.646 -37.72042, 144.6125 -37.69703, 144.6066 -37.69571, 144.5888 -37.69499, 144.5751 -37.69135, 144.534 -37.68697, 144.5125 -37.69033, 144.4983 -37.68592, 144.4776 -37.68512, 144.4723 -37.68345, 144.4682 -37.68071, 144.4659 -37.67213, 144.4628 -37.66878, 144.4443 -37.66434)"
